DataSet,Size_MB,LinesCount,WordCount
Blogs,260.56432,899288,37334131
News,20.11139,77259,2643969
Twitter,316.03734,2360148,30373545
